<?xml version='1.0' encoding='UTF-8'?>
<template-instance>
   <template-type>org/alfresco/discussions-createtopic</template-type>
   <properties>
      <pageFamily>discussions-topiclist</pageFamily>
      <container>discussions</container>
   </properties>
   <components>

      <!-- Title -->
      <component>
         <region-id>title</region-id>
         <url>/components/title/collaboration-title</url>
      </component>

      <!-- Navigation -->
      <component>
         <region-id>navigation</region-id>
         <url>/components/navigation/collaboration-navigation</url>
      </component>

      <!-- CreateTopic -->
      <component>
         <region-id>createtopic</region-id>
         <url>/components/discussions/createtopic</url>
      </component>
   </components>
</template-instance>