<?xml version='1.0' encoding='UTF-8'?>
<template-instance>
   <template-type>org/alfresco/geographic-map</template-type>
   <properties>
      <pageFamily>documentlibrary</pageFamily>
      <container>documentLibrary</container>
   </properties>
   <components>

      <!-- Title -->
      <component>
         <region-id>title</region-id>
         <sub-components>
            <sub-component id="default">
               <evaluations>
                  <!-- if in site: Site title -->
                  <evaluation id="site">
                     <evaluators>
                        <evaluator type="site.component.evaluator"/>
                     </evaluators>
                     <url>/components/title/collaboration-title</url>
                  </evaluation>
                  <!-- otherwise: Repository title -->
                  <evaluation id="repo">
                     <url>/components/title/simple-title</url>
                     <properties>
                        <title>title.repository</title>
                        <subtitle>title.browser</subtitle>
                     </properties>
                  </evaluation>
               </evaluations>
            </sub-component>
         </sub-components>
      </component>

      <!-- Site Navigation -->
      <component>
         <region-id>navigation</region-id>
         <sub-components>
            <sub-component id="default">
               <evaluations>
                  <!-- if in site: Site navigation -->
                  <evaluation id="site">
                     <evaluators>
                        <evaluator type="site.component.evaluator"/>
                     </evaluators>
                     <url>/components/navigation/collaboration-navigation</url>
                  </evaluation>
               </evaluations>
            </sub-component>
         </sub-components>
      </component>

      <!-- Document Header -->
      <component>
         <region-id>node-header</region-id>
         <sub-components>
            <sub-component id="default">
               <evaluations>
                  <!-- if in site: Site header -->
                  <evaluation id="site">
                     <evaluators>
                        <evaluator type="site.component.evaluator"/>
                     </evaluators>
                     <url>/components/node-details/node-header</url>
                     <properties>
                        <nodeRef>{nodeRef}</nodeRef>
                        <rootPage>documentlibrary</rootPage>
                        <rootLabelId>path.documents</rootLabelId>
                        <showComments>false</showComments>
                     </properties>
                  </evaluation>
                  <!-- otherwise: Repo header -->
                  <evaluation id="repo">
                     <url>/components/node-details/node-header</url>
                     <properties>
                        <nodeRef>{nodeRef}</nodeRef>
                        <rootPage>repository</rootPage>
                        <rootLabelId>path.repository</rootLabelId>
                        <showComments>false</showComments>
                     </properties>
                  </evaluation>
               </evaluations>
            </sub-component>
         </sub-components>
      </component>

      <component>
         <region-id>map</region-id>
         <url>/components/geographic/google-map</url>
      </component>

   </components>
</template-instance>
