<?xml version="1.0" encoding="UTF-8"?>
<page>
   <title>Login</title>
   <title-id>page.login.title</title-id>
   <template-instance>simple-guest</template-instance>
   <authentication>none</authentication>
   <components>

      <!-- Message dialog -->
      <component>
         <region-id>components</region-id>
         <url>/components/guest/guest-message</url>
         <properties>
            <header>{header}</header>
            <text>{text}</text>
         </properties>
      </component>

   </components>
</page>