<assembly xmlns="http://maven.apache.org/plugins/maven-assembly-plugin/assembly/1.1.2" xmlns:xsi="http://www.w3.org/2001/XMLSchema-instance"
  xsi:schemaLocation="http://maven.apache.org/plugins/maven-assembly-plugin/assembly/1.1.2 http://maven.apache.org/xsd/assembly-1.1.2.xsd">
    <id>distribution</id>
    <formats>
        <format>zip</format>
    </formats>
    <includeBaseDirectory>false</includeBaseDirectory>

    <fileSets>
        <!-- Local resources: README, etc. -->
        <fileSet>
            <directory>target/classes</directory>
            <outputDirectory></outputDirectory>
        </fileSet>
    </fileSets>

    <dependencySets>
        <!-- Share war -->
        <dependencySet>
            <includes>
                <include>*:*:war</include>
            </includes>
            <outputFileNameMapping>share.war</outputFileNameMapping>
            <useStrictFiltering>true</useStrictFiltering>
            <useProjectArtifact>false</useProjectArtifact>
        </dependencySet>
        <!-- Share services AMP -->
        <dependencySet>
            <includes>
                <include>*:*:amp</include>
            </includes>
            <useStrictFiltering>true</useStrictFiltering>
            <useProjectArtifact>false</useProjectArtifact>
        </dependencySet>
    </dependencySets>

</assembly>
